"WorkgroupSize","Partitions","WallSeconds","Viable","Possible","Unviable","Total","TimedOut"
"32","1","215.94","12570","34230","24732","71532","False"
"32","2","186.14","12570","34230","24732","71532","False"
"32","4","108.12","12570","34230","24732","71532","False"
"32","8","121.95","12570","34230","24732","71532","False"
"32","16","101.81","12570","34230","24732","71532","False"
"32","32","92.85","12702","34500","24792","71994","False"
"32","64","90.27","13206","35190","24942","73338","False"
"32","128","17.9","0","0","0","0","False"
"32","256","20.07","0","0","0","0","False"
